1,crichards0,Celina,Richards,crichards0@csmonitor.com,903-954-3483
1,hcapenor1,Heinrik,Capenor,hcapenor1@cornell.edu,709-392-9625
2,easbury2,Ellynn,Asbury,easbury2@amazon.co.jp,458-615-8147
3,amaureen3,Alma,Maureen,amaureen3@ucsd.edu,618-944-4182
2,dhayers4,Doralynn,Hayers,dhayers4@ox.ac.uk,418-734-6398
3,gpunt5,Gareth,Punt,gpunt5@sourceforge.net,881-665-9804
1,dscinelli6,Dareen,Scinelli,dscinelli6@webnode.com,493-144-9404
3,akynastone7,Aile,Kynastone,akynastone7@prnewswire.com,932-886-2349
1,pjermin8,Prescott,Jermin,pjermin8@apache.org,425-462-2310
1,zcundy9,Zabrina,Cundy,zcundy9@home.pl,967-923-8190
3,cgiovannellia,Constantine,Giovannelli,cgiovannellia@webs.com,625-865-2249
2,ggethinb,Grannie,Gethin,ggethinb@sfgate.com,366-150-5123
2,jainscowc,Janine,Ainscow,jainscowc@time.com,129-172-1503
2,scottyd,Sascha,Cotty,scottyd@godaddy.com,805-648-1606
3,vchekee,Virginia,Cheke,vchekee@tripod.com,832-331-5679
3,hbutcherf,Harwell,Butcher,hbutcherf@amazon.de,884-317-3281
2,cmccreedyg,Cammy,McCreedy,cmccreedyg@gravatar.com,211-886-2011
1,qdoeh,Quinton,Doe,qdoeh@example.com,207-843-0765
2,kbryanti,Khalil,Bryant,kbryanti@ebay.com,910-918-1182
2,jsirmondj,Joby,Sirmond,jsirmondj@imgur.com,550-166-5406
3,jleteurtrek,Jacob,Leteurtre,jleteurtrek@jigsy.com,200-860-9078
3,thaldonl,Trevor,Haldon,thaldonl@loc.gov,104-796-2862
1,mbussonsm,Mirilla,Bussons,mbussonsm@bluehost.com,202-721-1262
3,amcgeownn,Anna,McGeown,amcgeownn@fda.gov,839-201-1591
2,kkenefordeo,Kerry,Keneforde,kkenefordeo@list-manage.com,713-590-7118
2,samblerp,Sallee,Ambler,samblerp@latimes.com,956-199-0761
3,scanaq,Shanon,Cana,scanaq@photobucket.com,624-338-9733
3,csarger,Cilka,Sarge,csarger@yellowbook.com,485-141-0806
2,edishmans,Eddie,Dishman,edishmans@archive.org,288-178-6161
3,kfiridolfit,Katherina,Firidolfi,kfiridolfit@jiathis.com,689-524-3266
3,cninehamu,Carolyne,Nineham,cninehamu@deliciousdays.com,282-757-1948
3,ahanneyv,Adham,Hanney,ahanneyv@cisco.com,455-646-6988
2,nmunkleyw,Neron,Munkley,nmunkleyw@reference.com,799-288-8590
2,basliex,Barby,Aslie,basliex@dagondesign.com,756-186-8971
1,hjodlkowskiy,Hubie,Jodlkowski,hjodlkowskiy@purevolume.com,202-460-0237
2,csoldnerz,Coletta,Soldner,csoldnerz@twitter.com,836-146-7759
3,awestrip10,Addison,Westrip,awestrip10@ask.com,671-421-5187
3,aluciani11,Alejandro,Luciani,aluciani11@php.net,271-251-7356
2,agreenley12,Angelico,Greenley,agreenley12@go.com,387-224-1271
1,kcollen13,Klement,Collen,kcollen13@nsw.gov.au,507-778-3075
2,vipplett14,Vevay,Ipplett,vipplett14@quantcast.com,463-509-2313
3,gferronel15,Greer,Ferronel,gferronel15@elpais.com,719-136-3923
1,tmaberley16,Tamar,Maberley,tmaberley16@webmd.com,331-937-2115
2,bkeyden17,Barde,Keyden,bkeyden17@t.co,744-703-3399
2,cbodocs18,Clay,Bodocs,cbodocs18@theglobeandmail.com,368-854-2689
2,vsarsons19,Vin,Sarsons,vsarsons19@nytimes.com,827-427-8616
3,emcausland1a,Ezekiel,McAusland,emcausland1a@cnet.com,542-644-9310
3,kcharter1b,Krista,Charter,kcharter1b@oaic.gov.au,246-362-7058
1,sbaford1c,Saunderson,Baford,sbaford1c@ucoz.ru,625-879-8694
3,zromme1d,Zena,Romme,zromme1d@boston.com,471-316-2256
3,dseabrooke1e,Danni,Seabrooke,dseabrooke1e@auda.org.au,129-257-0806
3,crays1f,Chickie,Rays,crays1f@cisco.com,610-344-2331
3,bfolks1g,Birch,Folks,bfolks1g@gmpg.org,529-197-5148
3,bgosling1h,Bobbye,Gosling,bgosling1h@comsenz.com,210-286-6601
3,kcaunt1i,Kynthia,Caunt,kcaunt1i@paypal.com,934-305-6880
1,bverdie1j,Brook,Verdie,bverdie1j@github.io,697-965-0464
3,rberndtsson1k,Riley,Berndtsson,rberndtsson1k@technorati.com,175-842-9342
3,acowthard1l,Amandy,Cowthard,acowthard1l@deviantart.com,745-489-2359
3,svardey1m,Stacee,Vardey,svardey1m@ca.gov,246-933-8822
1,jvenmore1n,Joane,Venmore,jvenmore1n@microsoft.com,733-154-8805
2,bgillbe1o,Byrann,Gillbe,bgillbe1o@chicagotribune.com,864-380-1043
3,mmateescu1p,Mufinella,Mateescu,mmateescu1p@npr.org,397-794-0014
2,blodo1q,Belicia,Lodo,blodo1q@ameblo.jp,154-152-6268
2,kfishe1r,Kyla,Fishe,kfishe1r@dailymail.co.uk,459-448-8042
1,sfrankcom1s,Sharon,Frankcom,sfrankcom1s@1und1.de,896-460-3842
2,grooney1t,Gerard,Rooney,grooney1t@ning.com,583-828-8333
3,scollocott1u,Sioux,Collocott,scollocott1u@spiegel.de,972-968-7405
2,hnorgan1v,Horton,Norgan,hnorgan1v@google.fr,956-159-4246
3,iledstone1w,Indira,Ledstone,iledstone1w@infoseek.co.jp,537-109-6529
2,kcalleja1x,Kirsten,Calleja,kcalleja1x@oakley.com,361-398-3071
1,tduding1y,Torrin,Duding,tduding1y@time.com,238-453-2555
1,zwhal1z,Zane,Whal,zwhal1z@studiopress.com,289-830-5247
1,sspelwood20,Sheila,Spelwood,sspelwood20@spiegel.de,947-559-2933
2,cmanolov21,Cristi,Manolov,cmanolov21@ted.com,697-630-5315
2,ewooder22,Elonore,Wooder,ewooder22@w3.org,279-605-6864
2,jallinson23,Jeanie,Allinson,jallinson23@storify.com,680-154-5387
2,lmaybey24,Larry,Maybey,lmaybey24@virginia.edu,610-372-4353
1,dsorrel25,Demetris,Sorrel,dsorrel25@opera.com,200-119-6815
2,alambdin26,Anderson,Lambdin,alambdin26@sfgate.com,956-220-4443
2,flowers27,Fredelia,Lowers,flowers27@prlog.org,359-412-2187
3,smartensen28,Sebastian,Martensen,smartensen28@skype.com,782-607-6757
3,akester29,Avery,Kester,akester29@nymag.com,539-955-2851
2,ddank2a,Dreddy,Dank,ddank2a@netvibes.com,544-817-5982
1,ejagielski2b,Ezekiel,Jagielski,ejagielski2b@dot.gov,311-808-0411
3,kclemmitt2c,Kelcy,Clemmitt,kclemmitt2c@wisc.edu,615-479-8782
1,eperrington2d,Eamon,Perrington,eperrington2d@wunderground.com,957-261-4121
3,hnagle2e,Hedda,Nagle,hnagle2e@netscape.com,136-398-6526
3,cteague2f,Cristi,Teague,cteague2f@microsoft.com,264-316-9894
2,fkrysztofiak2g,Fara,Krysztofiak,fkrysztofiak2g@yale.edu,472-633-6650
3,smattiassi2h,Susana,Mattiassi,smattiassi2h@ihg.com,737-615-1855
3,jpretley2i,Jeromy,Pretley,jpretley2i@cmu.edu,185-410-7438
1,hcatanheira2j,Herbert,Catanheira,hcatanheira2j@kickstarter.com,344-807-7816
3,ctapner2k,Caresa,Tapner,ctapner2k@imdb.com,986-845-4937
1,bjanway2l,Biddy,Janway,bjanway2l@tripadvisor.com,819-476-0369
2,elapslie2m,Erasmus,Lapslie,elapslie2m@upenn.edu,318-226-5905
3,gdongate2n,Gilles,Dongate,gdongate2n@ameblo.jp,299-477-5715
2,npestor2o,Nat,Pestor,npestor2o@hexun.com,748-825-9729
3,bgrieveson2p,Bud,Grieveson,bgrieveson2p@seesaa.net,832-245-3682
2,nmoneti2q,Norri,Moneti,nmoneti2q@nps.gov,941-681-0409
2,jambler2r,Jefferson,Ambler,jambler2r@senate.gov,502-887-0018
2,umunkley2s,Ulises,Munkley,umunkley2s@cargocollective.com,424-949-6855
3,crowney2t,Clio,Rowney,crowney2t@fema.gov,862-440-2974
3,nlinebarger2u,Nerita,Linebarger,nlinebarger2u@state.tx.us,716-232-5979
2,jdodshun2v,Jaquith,Dodshun,jdodshun2v@cargocollective.com,234-692-0837
1,lgreve2w,Lari,Greve,lgreve2w@acquirethisname.com,997-165-7179
2,sgaffon2x,Sarena,Gaffon,sgaffon2x@networkadvertising.org,191-925-8570
2,lramsdell2y,Laurena,Ramsdell,lramsdell2y@instagram.com,848-770-4901
3,wtattam2z,Wendi,Tattam,wtattam2z@sourceforge.net,129-979-9184
3,ependlebery30,Eartha,Pendlebery,ependlebery30@abc.net.au,742-654-9624
2,jcomi31,Jasen,Comi,jcomi31@cbc.ca,306-318-6207
2,dstutter32,Dag,Stutter,dstutter32@unc.edu,218-664-1994
3,hbroggetti33,Hartwell,Broggetti,hbroggetti33@foxnews.com,954-542-0826
3,ikedie34,Issy,Kedie,ikedie34@icio.us,483-576-0963
2,rheadon35,Reade,Headon,rheadon35@google.com.hk,703-667-7235
1,rsimpole36,Revkah,Simpole,rsimpole36@bandcamp.com,286-697-8556
2,ccaruth37,Clare,Caruth,ccaruth37@flavors.me,397-670-2889
2,izannutti38,Inigo,Zannutti,izannutti38@geocities.com,999-271-9415
2,gallderidge39,Genna,Allderidge,gallderidge39@xinhuanet.com,777-504-4552
1,sfetherstan3a,Slade,Fetherstan,sfetherstan3a@usa.gov,711-395-6804
1,agerok3b,Abagael,Gerok,agerok3b@ning.com,107-267-5230
2,bwheway3c,Billy,Wheway,bwheway3c@deliciousdays.com,916-956-4495
2,ltoma3d,Lindi,Toma,ltoma3d@sitemeter.com,524-516-6381
3,iporkiss3e,Irina,Porkiss,iporkiss3e@nasa.gov,244-334-9492
3,vskaife3f,Vidovik,Skaife,vskaife3f@skype.com,872-270-5653
1,dscarfe3g,Dyann,Scarfe,dscarfe3g@mapy.cz,128-798-4474
2,jjaulme3h,Jessica,Jaulme,jjaulme3h@bandcamp.com,489-178-1087
1,akumaar3i,Abran,Kumaar,akumaar3i@thetimes.co.uk,543-300-4503
2,mdownton3j,Marie-jeanne,Downton,mdownton3j@chicagotribune.com,380-714-2567
1,gvasenkov3k,Genvieve,Vasenkov,gvasenkov3k@privacy.gov.au,603-786-1366
2,amundell3l,Aurie,Mundell,amundell3l@flickr.com,960-485-7914
3,rsporner3m,Rosaleen,Sporner,rsporner3m@businessinsider.com,548-897-4089
2,mlago3n,Miltie,Lago,mlago3n@adobe.com,918-629-1278
2,hkencott3o,Humberto,Kencott,hkencott3o@parallels.com,905-318-0892
3,dwellbank3p,Daloris,Wellbank,dwellbank3p@independent.co.uk,324-157-8878
1,ltamblingson3q,Lalo,Tamblingson,ltamblingson3q@google.de,792-174-8547
3,cpetkens3r,Claudian,Petkens,cpetkens3r@pagesperso-orange.fr,440-318-4152
2,dmacuchadair3s,Davie,MacUchadair,dmacuchadair3s@yandex.ru,564-578-3727
3,aweed3t,Anselm,Weed,aweed3t@uol.com.br,485-736-6393
3,bpinks3u,Bernetta,Pinks,bpinks3u@indiegogo.com,177-288-0858
3,bnudds3v,Beverlie,Nudds,bnudds3v@chron.com,772-688-1528
3,gkubacek3w,Grantley,Kubacek,gkubacek3w@odnoklassniki.ru,666-334-9355
3,dzanelli3x,Dougie,Zanelli,dzanelli3x@ning.com,505-202-2539
1,tnorster3y,Tory,Norster,tnorster3y@dmoz.org,510-568-6024
2,klamden3z,Kristyn,Lamden,klamden3z@comsenz.com,723-198-3664
1,jcaudray40,Jewel,Caudray,jcaudray40@scientificamerican.com,664-560-1684
1,mhowsan41,Marlyn,Howsan,mhowsan41@furl.net,444-463-9510
3,rcanete42,Ramon,Canete,rcanete42@mit.edu,306-320-1672
2,kstuttman43,Kimmy,Stuttman,kstuttman43@google.co.uk,909-130-2242
2,mberre44,Maisie,Berre,mberre44@slideshare.net,492-486-2874
3,emarjoram45,Elisa,Marjoram,emarjoram45@themeforest.net,702-369-5793
3,blinggood46,Bili,Linggood,blinggood46@home.pl,992-943-3879
1,rforseith47,Richardo,Forseith,rforseith47@rambler.ru,404-201-5103
3,vcortese48,Veriee,Cortese,vcortese48@mtv.com,663-993-7238
2,atrimmill49,Annabell,Trimmill,atrimmill49@springer.com,588-533-7831
3,lheckle4a,Lilith,Heckle,lheckle4a@chron.com,273-550-0677
2,sricson4b,Sarene,Ricson,sricson4b@engadget.com,513-793-5215
1,hwilprecht4c,Harley,Wilprecht,hwilprecht4c@oracle.com,848-622-2483
1,nchitter4d,Nisse,Chitter,nchitter4d@craigslist.org,950-628-0191
2,aovens4e,Alvinia,Ovens,aovens4e@xrea.com,646-791-4340
2,hborman4f,Humfried,Borman,hborman4f@g.co,713-626-2327
1,balflatt4g,Brunhilda,Alflatt,balflatt4g@mysql.com,792-405-4499
1,ppollack4h,Padriac,Pollack,ppollack4h@geocities.com,299-659-8888
3,lkempston4i,Lainey,Kempston,lkempston4i@boston.com,980-821-3641
1,asimmonite4j,Aimee,Simmonite,asimmonite4j@soundcloud.com,122-985-0141
2,lvarren4k,Lucine,Varren,lvarren4k@oakley.com,747-175-3312
1,credit4l,Christophe,Redit,credit4l@elpais.com,763-943-9925
3,lbook4m,Llewellyn,Book,lbook4m@shop-pro.jp,160-995-7262
3,dbalbeck4n,Dukie,Balbeck,dbalbeck4n@cornell.edu,176-780-7878
2,dmcallester4o,Darla,McAllester,dmcallester4o@xing.com,210-960-9863
3,lbrownlie4p,Larine,Brownlie,lbrownlie4p@joomla.org,134-968-4549
2,gkincaid4q,Gardener,Kincaid,gkincaid4q@theguardian.com,472-296-9651
3,lryde4r,Letta,Ryde,lryde4r@latimes.com,607-823-2074
1,dleroux4s,Di,Leroux,dleroux4s@ehow.com,185-409-5027
1,ecartner4t,Elli,Cartner,ecartner4t@exblog.jp,721-683-5971
2,swhyley4u,Sherill,Whyley,swhyley4u@instagram.com,476-524-1147
2,nsaddington4v,Natalie,Saddington,nsaddington4v@1688.com,567-968-9778
1,salexandre4w,Sybyl,Alexandre,salexandre4w@scientificamerican.com,850-154-5428
1,pteacy4x,Prudi,Teacy,pteacy4x@google.ca,597-488-1582
1,ggarrals4y,Gina,Garrals,ggarrals4y@technorati.com,395-652-0898
2,pzannuto4z,Paolina,Zannuto,pzannuto4z@drupal.org,921-345-1264
2,sflieg50,Syd,Flieg,sflieg50@a8.net,590-187-0179
3,cludwig51,Chadwick,Ludwig,cludwig51@who.int,406-489-0257
3,amoens52,Andriette,Moens,amoens52@zimbio.com,237-189-5239
1,kdabel53,Kinnie,Dabel,kdabel53@mashable.com,987-924-4411
1,lcluer54,Langsdon,Cluer,lcluer54@liveinternet.ru,984-391-3887
2,vblooman55,Valerye,Blooman,vblooman55@theguardian.com,632-808-5509
1,dvauter56,Derwin,Vauter,dvauter56@imageshack.us,493-391-6519
1,amccaig57,Annetta,McCaig,amccaig57@zdnet.com,422-365-3303
2,kadamini58,Kellby,Adamini,kadamini58@clickbank.net,372-748-6194
3,lswancott59,Luce,Swancott,lswancott59@google.de,913-914-6640
1,fnevet5a,Filmore,Nevet,fnevet5a@nih.gov,729-644-7916
2,cdunkerton5b,Craggie,Dunkerton,cdunkerton5b@dyndns.org,822-625-8893
1,mshawyer5c,Marten,Shawyer,mshawyer5c@craigslist.org,869-586-2468
3,bsambrook5d,Babs,Sambrook,bsambrook5d@hatena.ne.jp,163-815-4724
1,tketts5e,Tania,Ketts,tketts5e@networkadvertising.org,776-482-8927
2,talenin5f,Tresa,Alenin,talenin5f@51.la,458-307-7478
1,dmacnair5g,Debbi,MacNair,dmacnair5g@walmart.com,770-502-8126
1,jharce5h,Jennilee,Harce,jharce5h@redcross.org,644-710-1617
1,kfitkin5i,Kimmi,Fitkin,kfitkin5i@hatena.ne.jp,187-515-5513
2,edugan5j,Evered,Dugan,edugan5j@pen.io,877-124-7661
2,bbartelli5k,Bette,Bartelli,bbartelli5k@xing.com,445-154-7097
3,jlaverenz5l,Jo,Laverenz,jlaverenz5l@timesonline.co.uk,807-905-2253
2,hnormaville5m,Hoyt,Normaville,hnormaville5m@mapy.cz,464-110-1941
1,flebarre5n,Fairleigh,Le Barre,flebarre5n@issuu.com,215-142-1566
1,orackstraw5o,Onida,Rackstraw,orackstraw5o@chronoengine.com,796-251-3643
2,jlowen5p,Jon,Lowen,jlowen5p@spiegel.de,404-957-5223
3,hdumphry5q,Hollis,Dumphry,hdumphry5q@ovh.net,920-260-6955
2,sskittles5r,Sharon,Skittles,sskittles5r@aboutads.info,935-112-3207
3,tjancic5s,Trudie,Jancic,tjancic5s@skype.com,299-974-2611
3,tlacey5t,Theda,Lacey,tlacey5t@trellian.com,829-546-6878
2,elardier5u,Emmery,Lardier,elardier5u@nbcnews.com,665-172-2206
3,dcattrell5v,Denise,Cattrell,dcattrell5v@miitbeian.gov.cn,534-576-6769
2,fedon5w,Fitz,Edon,fedon5w@imgur.com,424-668-9774
1,mrapa5x,Michale,Rapa,mrapa5x@g.co,272-850-4352
3,lchad5y,Luella,Chad,lchad5y@typepad.com,916-537-3429
1,ekeynd5z,Eugen,Keynd,ekeynd5z@techcrunch.com,452-297-9823
1,tgilby60,Tory,Gilby,tgilby60@unblog.fr,707-767-2994
2,rram61,Rayshell,Ram,rram61@alibaba.com,792-354-8578
3,rcharlin62,Rozella,Charlin,rcharlin62@blogger.com,845-153-4415
2,doppie63,Didi,Oppie,doppie63@mozilla.com,632-309-8764
1,cclamo64,Clemens,Clamo,cclamo64@economist.com,663-875-7804
2,ngrassi65,North,Grassi,ngrassi65@tripod.com,533-134-8991
1,dingry66,Demetrius,Ingry,dingry66@house.gov,612-500-6199
3,bkeady67,Britni,Keady,bkeady67@goodreads.com,761-675-1910
3,ggoldhawk68,Gussi,Goldhawk,ggoldhawk68@mlb.com,168-913-9202
2,dalcorn69,Delmor,Alcorn,dalcorn69@taobao.com,431-774-5977
1,mdenisco6a,Moore,De Nisco,mdenisco6a@hp.com,380-427-7402
2,lblakeman6b,Lorens,Blakeman,lblakeman6b@wired.com,647-752-9365
2,chearnshaw6c,Cletis,Hearnshaw,chearnshaw6c@fda.gov,643-934-3385
3,tlongden6d,Talia,Longden,tlongden6d@quantcast.com,180-658-9169
1,odaborn6e,Orv,Daborn,odaborn6e@tiny.cc,243-616-4609
1,mdabner6f,Myron,Dabner,mdabner6f@buzzfeed.com,955-412-5473
3,aderisley6g,Angus,Derisley,aderisley6g@freewebs.com,250-536-4445
3,sgorse6h,Simona,Gorse,sgorse6h@ucoz.ru,281-255-3305
2,ybeche6i,Yurik,Beche,ybeche6i@howstuffworks.com,161-306-2351
2,dcaverhill6j,Darla,Caverhill,dcaverhill6j@networkadvertising.org,646-179-1351
1,rmoyce6k,Rosemaria,Moyce,rmoyce6k@blogtalkradio.com,836-586-0158
1,acaville6l,Ammamaria,Caville,acaville6l@imdb.com,880-869-0353
3,sscarffe6m,Sig,Scarffe,sscarffe6m@clickbank.net,584-949-0553
3,fthorburn6n,Fiorenze,Thorburn,fthorburn6n@free.fr,423-513-3007
3,apretorius6o,Abbot,Pretorius,apretorius6o@purevolume.com,719-372-5881
3,lenterlein6p,Luke,Enterlein,lenterlein6p@homestead.com,449-975-3753
3,swilstead6q,Staffard,Wilstead,swilstead6q@statcounter.com,500-949-2493
1,gcaney6r,Grace,Caney,gcaney6r@slashdot.org,347-246-2049
3,tcraighill6s,Tommie,Craighill,tcraighill6s@wsj.com,754-768-4533
1,hgorsse6t,Harriette,Gorsse,hgorsse6t@rakuten.co.jp,649-556-9825
2,tadkin6u,Trefor,Adkin,tadkin6u@imgur.com,858-678-1573
3,ecollerd6v,Esther,Collerd,ecollerd6v@weibo.com,149-975-2863
2,lbogie6w,Luciana,Bogie,lbogie6w@dagondesign.com,703-942-5583
2,sathey6x,Sergeant,Athey,sathey6x@dion.ne.jp,921-622-1006
3,obrownstein6y,Omar,Brownstein,obrownstein6y@comsenz.com,421-705-5682
3,fdrife6z,Fanni,Drife,fdrife6z@eepurl.com,173-632-9265
2,lmiche70,Lennard,Miche,lmiche70@youku.com,596-753-4309
1,slampbrecht71,Sibylle,Lampbrecht,slampbrecht71@cyberchimps.com,216-798-2785
1,tleaming72,Toni,Leaming,tleaming72@yahoo.com,121-940-7690
3,ddescroix73,Deb,Descroix,ddescroix73@sina.com.cn,895-736-6565
1,bolander74,Bekki,Olander,bolander74@moonfruit.com,205-864-8042
2,lbearman75,Lalo,Bearman,lbearman75@cdc.gov,992-401-9779
1,cmehmet76,Claiborn,Mehmet,cmehmet76@de.vu,425-333-1542
3,cfanner77,Charin,Fanner,cfanner77@goodreads.com,728-405-4159
3,rlawford78,Reiko,Lawford,rlawford78@artisteer.com,758-998-6448
3,mgotch79,Matthiew,Gotch,mgotch79@npr.org,537-896-8662
3,leatock7a,Lori,Eatock,leatock7a@unc.edu,168-831-2235
2,gtownsley7b,Gussy,Townsley,gtownsley7b@pen.io,808-994-7810
1,cendrighi7c,Calv,Endrighi,cendrighi7c@tamu.edu,443-399-2671
1,wtolumello7d,Web,Tolumello,wtolumello7d@columbia.edu,100-365-8355
3,jmatlock7e,Jameson,Matlock,jmatlock7e@about.com,181-967-9837
1,gdutnell7f,Ginnie,Dutnell,gdutnell7f@nyu.edu,260-950-1965
2,kbelverstone7g,Kaylyn,Belverstone,kbelverstone7g@myspace.com,126-704-1845
1,bingleby7h,Benny,Ingleby,bingleby7h@reuters.com,634-936-2068
2,smccoll7i,Sari,McColl,smccoll7i@java.com,458-789-5606
2,wbohey7j,Witty,Bohey,wbohey7j@ebay.com,769-471-0549
3,vchiese7k,Vinnie,Chiese,vchiese7k@alibaba.com,427-316-8658
2,ktrevain7l,Karoline,Trevain,ktrevain7l@shareasale.com,157-508-0047
1,zhalfhead7m,Zebedee,Halfhead,zhalfhead7m@aboutads.info,128-199-7595
2,jbearns7n,Jedd,Bearns,jbearns7n@theglobeandmail.com,990-970-5003
2,qsoppeth7o,Quinton,Soppeth,qsoppeth7o@telegraph.co.uk,310-802-6723
1,rlewtey7p,Rodger,Lewtey,rlewtey7p@behance.net,223-639-8798
2,csedworth7q,Chip,Sedworth,csedworth7q@arstechnica.com,887-225-7606
1,ehartles7r,Ede,Hartles,ehartles7r@usatoday.com,427-784-0038
2,scockram7s,Sibella,Cockram,scockram7s@barnesandnoble.com,598-930-1793
3,gsadat7t,Gael,Sadat,gsadat7t@globo.com,858-994-6485
1,zashcroft7u,Zonda,Ashcroft,zashcroft7u@theguardian.com,270-863-8740
1,ycamus7v,Yelena,Camus,ycamus7v@cnet.com,934-412-0764
3,kkinset7w,Kiley,Kinset,kkinset7w@sourceforge.net,877-260-2185
2,ngermain7x,Nichole,Germain,ngermain7x@biglobe.ne.jp,364-207-4383
2,abiss7y,Alida,Biss,abiss7y@huffingtonpost.com,393-514-7518
2,senion7z,Sophronia,Enion,senion7z@goo.gl,895-287-5859
2,fspurman80,Fredia,Spurman,fspurman80@meetup.com,453-941-5209
1,cirlam81,Chaddie,Irlam,cirlam81@spotify.com,420-214-1802
1,adungey82,Allina,Dungey,adungey82@linkedin.com,418-856-6469
1,dskitteral83,Dickie,Skitteral,dskitteral83@qq.com,418-602-2671
2,mturfes84,Matthus,Turfes,mturfes84@free.fr,136-393-4146
1,arudloff85,Allin,Rudloff,arudloff85@slashdot.org,313-570-4552
3,babbey86,Bobby,Abbey,babbey86@hhs.gov,969-964-0584
3,clikly87,Carissa,Likly,clikly87@github.io,690-556-7024
1,rbraniff88,Raimundo,Braniff,rbraniff88@latimes.com,781-117-0708
3,hdefreyne89,Hollyanne,De Freyne,hdefreyne89@arizona.edu,310-710-0503
1,wkabisch8a,Waring,Kabisch,wkabisch8a@usgs.gov,135-777-4266
2,wportingale8b,Wilmar,Portingale,wportingale8b@mlb.com,356-995-8717
2,jblythe8c,Javier,Blythe,jblythe8c@hc360.com,449-197-9962
2,ldunbabin8d,Lesya,Dunbabin,ldunbabin8d@blogspot.com,711-563-5964
1,gricker8e,Gert,Ricker,gricker8e@sun.com,972-397-9635
1,meslinger8f,Micky,Eslinger,meslinger8f@phoca.cz,627-600-9552
1,ogreyes8g,Odey,Greyes,ogreyes8g@fotki.com,301-485-2932
3,paisthorpe8h,Pansie,Aisthorpe,paisthorpe8h@mapy.cz,618-268-8585
3,sappleford8i,Sherwin,Appleford,sappleford8i@so-net.ne.jp,321-179-9777
3,htattersill8j,Harlie,Tattersill,htattersill8j@com.com,973-527-8356
3,cmiebes8k,Codie,Miebes,cmiebes8k@plala.or.jp,136-630-7985
3,fsango8l,Farley,Sango,fsango8l@youtube.com,495-232-0136
1,asantos8m,Abagail,Santos,asantos8m@geocities.com,807-417-4560
2,jlemasney8n,Jayme,Lemasney,jlemasney8n@ucoz.com,563-644-5934
1,dportress8o,Derrek,Portress,dportress8o@chronoengine.com,864-575-2999
2,tcaukill8p,Thedrick,Caukill,tcaukill8p@nydailynews.com,290-451-5244
2,munger8q,Myra,Unger,munger8q@mapquest.com,462-260-9305
2,bpeschet8r,Bobette,Peschet,bpeschet8r@nsw.gov.au,773-860-9581
2,kendon8s,Kingston,Endon,kendon8s@wp.com,402-484-1747
3,ngloyens8t,Nataniel,Gloyens,ngloyens8t@cam.ac.uk,241-916-9296
2,jtalby8u,Jennee,Talby,jtalby8u@mapquest.com,558-772-7000
2,emueller8v,Evvy,Mueller,emueller8v@squarespace.com,519-523-9765
1,ademanche8w,Aylmer,Demanche,ademanche8w@amazon.co.jp,237-570-8948
2,atiddy8x,Arther,Tiddy,atiddy8x@msn.com,466-324-9089
1,gspeers8y,Guillermo,Speers,gspeers8y@virginia.edu,216-697-5357
3,mevenden8z,Maxine,Evenden,mevenden8z@opera.com,269-323-4612
3,fstollery90,Fredericka,Stollery,fstollery90@vk.com,686-504-4840
1,bpatty91,Bobbie,Patty,bpatty91@ocn.ne.jp,709-412-3229
2,jbeeck92,Justen,Beeck,jbeeck92@paginegialle.it,957-529-3546
2,gcroce93,Giselbert,Croce,gcroce93@blogger.com,858-104-3640
3,evoyce94,Elspeth,Voyce,evoyce94@nymag.com,693-166-4024
2,itrustie95,Itch,Trustie,itrustie95@bloglines.com,891-122-9902
3,afudger96,Alison,Fudger,afudger96@wikimedia.org,591-677-5472
2,vgorvin97,Verney,Gorvin,vgorvin97@cdbaby.com,102-975-5191
2,acastangia98,Abram,Castangia,acastangia98@aol.com,851-874-1217
2,cborton99,Creight,Borton,cborton99@sourceforge.net,339-442-7916
3,dlonghorn9a,Demetria,Longhorn,dlonghorn9a@istockphoto.com,219-735-1108
1,clegg9b,Chauncey,Legg,clegg9b@uol.com.br,241-908-7664
3,wkinforth9c,Worth,Kinforth,wkinforth9c@walmart.com,512-263-7262
1,alording9d,Alair,Lording,alording9d@privacy.gov.au,384-240-6540
3,scrimmins9e,Shani,Crimmins,scrimmins9e@noaa.gov,959-270-4910
2,adaily9f,Adelind,Daily,adaily9f@jigsy.com,171-907-5642
2,nhenworth9g,Nancy,Henworth,nhenworth9g@wikipedia.org,529-399-4950
1,ycaron9h,Yolanthe,Caron,ycaron9h@sohu.com,310-256-8560
2,apagan9i,Andi,Pagan,apagan9i@facebook.com,118-789-3971
2,rmatkin9j,Ranice,Matkin,rmatkin9j@mozilla.com,471-631-9177
2,zstudders9k,Zachary,Studders,zstudders9k@timesonline.co.uk,733-401-2055
3,sbew9l,Schuyler,Bew,sbew9l@upenn.edu,342-985-2507
2,ctongue9m,Carolyn,Tongue,ctongue9m@cam.ac.uk,352-877-4545
1,jlevington9n,Jemmy,Levington,jlevington9n@sciencedirect.com,682-727-0084
3,ecurneen9o,Elias,Curneen,ecurneen9o@businessweek.com,903-375-8505
2,rickovits9p,Reggie,Ickovits,rickovits9p@elpais.com,916-850-1876
1,sjeandot9q,Shalne,Jeandot,sjeandot9q@sphinn.com,516-873-6336
1,reirwin9r,Rutherford,Eirwin,reirwin9r@wisc.edu,841-659-4407
1,sstanding9s,Starr,Standing,sstanding9s@quantcast.com,714-774-1766
2,cbreckin9t,Catie,Breckin,cbreckin9t@cnbc.com,668-991-9896
2,edecarolis9u,Elihu,De Carolis,edecarolis9u@umn.edu,900-473-1455
3,cbeddie9v,Cherish,Beddie,cbeddie9v@scientificamerican.com,868-444-1327
2,pcupitt9w,Piotr,Cupitt,pcupitt9w@geocities.jp,479-427-2589
1,hharvett9x,Hilly,Harvett,hharvett9x@amazon.de,160-335-0407
2,orhubottom9y,Oona,Rhubottom,orhubottom9y@marriott.com,589-464-9741
2,shightown9z,Shurlocke,Hightown,shightown9z@biglobe.ne.jp,541-615-7294
2,rbelfa0,Rubin,Belf,rbelfa0@amazon.de,952-757-7796
1,pdevonshirea1,Phyllis,Devonshire,pdevonshirea1@devhub.com,837-660-2448
3,vskelhorna2,Veradis,Skelhorn,vskelhorna2@xrea.com,553-374-9362
1,jsnaddina3,Jeremiah,Snaddin,jsnaddina3@bizjournals.com,809-602-7642
3,rdaughtona4,Rosemarie,Daughton,rdaughtona4@comcast.net,518-393-8720
1,lnappina5,Llywellyn,Nappin,lnappina5@disqus.com,797-346-4274
2,amighelea6,Alma,Mighele,amighelea6@intel.com,677-438-6178
1,hmilletta7,Hanni,Millett,hmilletta7@scribd.com,326-678-3836
1,lraftera8,Livvy,Rafter,lraftera8@list-manage.com,354-195-6718
3,glarrada9,Grenville,Larrad,glarrada9@myspace.com,595-153-9284
1,edavidowichaa,Ethelind,Davidowich,edavidowichaa@51.la,103-855-0598
1,rkisbeyab,Roanna,Kisbey,rkisbeyab@fc2.com,176-348-5140
3,nmicklemac,Neille,Micklem,nmicklemac@biglobe.ne.jp,805-724-2733
1,gfairheadad,Greg,Fairhead,gfairheadad@home.pl,829-381-6320
1,apressmanae,Ara,Pressman,apressmanae@upenn.edu,230-228-9965
1,avasilyevskiaf,Allina,Vasilyevski,avasilyevskiaf@answers.com,588-571-5197
3,zalejandroag,Zebulon,Alejandro,zalejandroag@godaddy.com,303-418-7425
2,dslinnah,Dolorita,Slinn,dslinnah@parallels.com,146-782-0473
3,kdykinsai,Kaela,Dykins,kdykinsai@edublogs.org,923-500-4154
3,tbryentonaj,Theresita,Bryenton,tbryentonaj@a8.net,875-697-4760
2,eflagak,Estele,Flag,eflagak@si.edu,278-620-5733
3,ogluyusal,Odessa,Gluyus,ogluyusal@jalbum.net,954-552-9650
1,mdomesdayam,Mikol,Domesday,mdomesdayam@umn.edu,137-816-9031
2,sgrindellan,Susan,Grindell,sgrindellan@vk.com,630-392-3145
3,lpetruskaao,Liam,Petruska,lpetruskaao@mediafire.com,588-619-8924
3,ejustunap,Emma,Justun,ejustunap@etsy.com,950-555-8657
3,lconnerlyaq,Lonnard,Connerly,lconnerlyaq@dot.gov,914-207-3030
3,dschustlar,Dorri,Schustl,dschustlar@home.pl,684-935-9312
3,gsawfordeas,Gizela,Sawforde,gsawfordeas@cbslocal.com,267-872-1006
1,atroyat,Aggie,Troy,atroyat@mozilla.com,531-101-6800
3,clemonnierau,Craggy,Le Monnier,clemonnierau@toplist.cz,951-168-2496
3,cborrisav,Charisse,Borris,cborrisav@devhub.com,619-797-5268
1,mdinningtonaw,Mollie,Dinnington,mdinningtonaw@ebay.com,941-386-6412
3,xpontefractax,Xavier,Pontefract,xpontefractax@seattletimes.com,649-361-1089
2,lcudday,Letti,Cudd,lcudday@facebook.com,495-304-3653
2,bawcoateaz,Barbi,Awcoate,bawcoateaz@fastcompany.com,768-604-9709
3,astigellb0,Adda,Stigell,astigellb0@economist.com,537-600-2518
1,dlaurenceb1,Dollie,Laurence,dlaurenceb1@aboutads.info,701-928-9936
2,rtarlingb2,Renaud,Tarling,rtarlingb2@dion.ne.jp,891-597-2997
2,zrosinab3,Zilvia,Rosina,zrosinab3@artisteer.com,221-191-7505
2,mabbeyb4,Marchall,Abbey,mabbeyb4@networksolutions.com,438-108-2913
3,sderbyshireb5,Shayna,Derbyshire,sderbyshireb5@clickbank.net,950-134-7893
1,jhamblingtonb6,Jamill,Hamblington,jhamblingtonb6@shareasale.com,234-648-1441
2,sdellenbrokb7,Stephanus,Dellenbrok,sdellenbrokb7@tmall.com,860-880-6270
3,rcudiffb8,Ramsey,Cudiff,rcudiffb8@gizmodo.com,431-643-4143
1,bkhadirb9,Blane,Khadir,bkhadirb9@mapy.cz,712-537-9086
2,jruppertzba,Joela,Ruppertz,jruppertzba@hexun.com,944-889-4366
1,ustanwixbb,Urbain,Stanwix,ustanwixbb@dailymail.co.uk,205-272-3861
3,maylwinbc,Mortie,Aylwin,maylwinbc@abc.net.au,309-151-9477
2,nabramsbd,Northrop,Abrams,nabramsbd@baidu.com,572-586-8012
1,rbartoszewiczbe,Rosco,Bartoszewicz,rbartoszewiczbe@paypal.com,380-522-1276
3,hneilanbf,Hayes,Neilan,hneilanbf@scientificamerican.com,869-753-7480
2,ggormanbg,Gerhardt,Gorman,ggormanbg@si.edu,409-141-1494
3,msuddockbh,Marya,Suddock,msuddockbh@dropbox.com,473-751-4429
3,pgascoyenbi,Page,Gascoyen,pgascoyenbi@netvibes.com,561-209-9817
3,cbrickstockbj,Colas,Brickstock,cbrickstockbj@yandex.ru,592-312-7738
3,rmozzibk,Robinette,Mozzi,rmozzibk@ameblo.jp,214-870-6802
2,dsantebl,Dalila,Sante,dsantebl@bbc.co.uk,895-784-8543
2,amushartbm,Almire,Mushart,amushartbm@163.com,623-982-9873
1,loleninbn,Lindsey,Olenin,loleninbn@yale.edu,997-196-7629
1,rripingbo,Riane,Riping,rripingbo@moonfruit.com,181-123-5733
1,sutleybp,Sholom,Utley,sutleybp@yellowpages.com,497-841-5081
2,stoppasbq,Sancho,Toppas,stoppasbq@odnoklassniki.ru,311-242-9555
2,kquestebr,Kali,Queste,kquestebr@harvard.edu,735-915-8032
1,jsaylebs,Jobey,Sayle,jsaylebs@blogspot.com,969-482-3392
3,mmanaghbt,Minda,Managh,mmanaghbt@a8.net,826-657-0717
1,tkarpfenbu,Thorstein,Karpfen,tkarpfenbu@ibm.com,375-790-5975
1,dbridatbv,Denny,Bridat,dbridatbv@sina.com.cn,310-873-3586
1,cmettsbw,Cathy,Metts,cmettsbw@trellian.com,397-695-0894
3,ljansebx,Leigh,Janse,ljansebx@google.es,928-442-0518
3,epowisby,Elmo,Powis,epowisby@posterous.com,459-564-4882
2,fdilowaybz,Franky,Diloway,fdilowaybz@360.cn,650-600-8172
1,rhazeltinec0,Renard,Hazeltine,rhazeltinec0@arizona.edu,499-124-6124
3,rshandc1,Ricard,Shand,rshandc1@4shared.com,222-950-1415
3,rmoncreiffc2,Reagen,Moncreiff,rmoncreiffc2@theatlantic.com,760-297-8160
2,cledsterc3,Cami,Ledster,cledsterc3@un.org,392-893-7353
1,bsturgesc4,Burt,Sturges,bsturgesc4@whitehouse.gov,521-299-2449
2,nmccrohonc5,Noll,McCrohon,nmccrohonc5@rediff.com,142-334-3140
1,apalfriec6,Audie,Palfrie,apalfriec6@msn.com,467-916-0884
3,strytsmanc7,Sherlock,Trytsman,strytsmanc7@wiley.com,535-261-2375
2,enoultonc8,Elmo,Noulton,enoultonc8@alexa.com,854-615-5331
3,xswailec9,Xever,Swaile,xswailec9@surveymonkey.com,717-485-0655
1,fvillaretca,Francene,Villaret,fvillaretca@ucla.edu,660-222-6311
3,bsurgenercb,Betsy,Surgener,bsurgenercb@example.com,207-229-7248
1,dmcconigalcc,Derrik,McConigal,dmcconigalcc@oracle.com,711-552-2433
2,mpurdeycd,Moishe,Purdey,mpurdeycd@nyu.edu,741-367-1281
3,ljosece,Lionel,Jose,ljosece@columbia.edu,341-695-7706
3,rgeanecf,Rosabella,Geane,rgeanecf@mit.edu,854-936-0330
2,cdinnegescg,Colman,Dinneges,cdinnegescg@bravesites.com,549-915-3686
3,olangfittch,Owen,Langfitt,olangfittch@hc360.com,760-924-1664
3,fgoomsci,Frederich,Gooms,fgoomsci@homestead.com,491-131-9441
2,gairetoncj,Gustavus,Aireton,gairetoncj@g.co,404-561-3213
2,wmcfeeck,Walther,McFee,wmcfeeck@aboutads.info,996-375-0046
2,klemmcl,Karleen,Lemm,klemmcl@google.com.au,157-674-5949
2,islopiercm,Ilsa,Slopier,islopiercm@reddit.com,246-318-0372
3,lconewcn,Lucila,Conew,lconewcn@webeden.co.uk,311-757-9636
1,gpibsworthco,Gwenny,Pibsworth,gpibsworthco@biglobe.ne.jp,979-615-6904
3,jnaerupcp,Jonathon,Naerup,jnaerupcp@answers.com,379-775-2987
2,tpimleycq,Terrye,Pimley,tpimleycq@cnbc.com,268-335-3176
2,tperotcr,Tabbi,Perot,tperotcr@paypal.com,769-926-2766
3,ftiltmancs,Francene,Tiltman,ftiltmancs@economist.com,916-289-7927
1,mtendahlct,Mendie,Tendahl,mtendahlct@wikimedia.org,246-773-9959
2,dsultanacu,Dar,Sultana,dsultanacu@usda.gov,915-107-3795
1,ooffnercv,Olwen,Offner,ooffnercv@phoca.cz,961-578-6537
1,fmuddimercw,Farleigh,Muddimer,fmuddimercw@psu.edu,219-953-3334
3,docklandcx,Denni,Ockland,docklandcx@google.co.jp,756-645-6158
1,amacarthurcy,Ardene,MacArthur,amacarthurcy@china.com.cn,155-840-1961
3,shousencz,Sunny,Housen,shousencz@wufoo.com,400-256-6681
3,ifeldmarkd0,Ingeborg,Feldmark,ifeldmarkd0@example.com,368-610-5915
2,tfarnhilld1,Ted,Farnhill,tfarnhilld1@twitpic.com,971-603-8504
1,smccarthyd2,Suellen,McCarthy,smccarthyd2@nymag.com,201-656-9306
3,jsiggind3,Josepha,Siggin,jsiggind3@japanpost.jp,803-404-8649
1,ksimukovd4,Kara-lynn,Simukov,ksimukovd4@sakura.ne.jp,839-639-1821
1,lseligsond5,Lilyan,Seligson,lseligsond5@google.co.jp,971-316-0503
2,qmenced6,Quinton,Mence,qmenced6@wired.com,739-888-7099
3,dnutond7,Dorothea,Nuton,dnutond7@tripadvisor.com,313-276-8077
2,tdelaperrelled8,Tedie,De la Perrelle,tdelaperrelled8@histats.com,938-892-7515
1,mclibberyd9,Maximilianus,Clibbery,mclibberyd9@cnet.com,981-393-6077
1,wpettifordda,Wandie,Pettiford,wpettifordda@issuu.com,491-861-8833
3,blonglanddb,Brande,Longland,blonglanddb@tuttocitta.it,786-946-6206
2,fludewigdc,Felipe,Ludewig,fludewigdc@harvard.edu,909-911-5723
2,jtwelvedd,Jacquie,Twelve,jtwelvedd@princeton.edu,493-953-5458
1,vmurphyde,Vite,Murphy,vmurphyde@howstuffworks.com,279-380-9989
1,evanaccidf,Erin,Vanacci,evanaccidf@trellian.com,615-198-3813
1,rdummerdg,Rona,Dummer,rdummerdg@histats.com,496-101-7635
3,hlingarddh,Henrieta,Lingard,hlingarddh@cbsnews.com,546-360-5261
3,bpetegrewdi,Bartholomeo,Petegrew,bpetegrewdi@psu.edu,499-298-6714
1,shuckfielddj,Stan,Huckfield,shuckfielddj@scribd.com,907-905-9738
3,cthompsondk,Constancia,Thompson,cthompsondk@wikimedia.org,987-908-6682
1,rtotterdelldl,Rozanne,Totterdell,rtotterdelldl@odnoklassniki.ru,210-456-2297
1,acomerforddm,Aubrie,Comerford,acomerforddm@eepurl.com,544-124-8850
1,lschapirodn,Lulu,Schapiro,lschapirodn@360.cn,869-329-2983
2,celmhurstdo,Chlo,Elmhurst,celmhurstdo@msu.edu,965-480-4861
1,cmcgeochdp,Cybil,McGeoch,cmcgeochdp@telegraph.co.uk,713-779-1106
3,kwitteringdq,Karlyn,Wittering,kwitteringdq@unesco.org,683-300-3196
3,rfelipedr,Rodrigo,Felipe,rfelipedr@state.gov,685-577-3468
2,rrosenkrancds,Rosy,Rosenkranc,rrosenkrancds@bandcamp.com,643-212-4259
2,dwedlockdt,Dania,Wedlock,dwedlockdt@mapy.cz,558-513-1246
3,ebarribaldu,Erroll,Barribal,ebarribaldu@imdb.com,979-398-1586
2,trumbellowdv,Travus,Rumbellow,trumbellowdv@elpais.com,723-647-8221
1,tlemerydw,Teodoor,Lemery,tlemerydw@blinklist.com,646-937-3067
2,drillattdx,Denyse,Rillatt,drillattdx@reference.com,271-279-2509
3,lfolbiggdy,Leupold,Folbigg,lfolbiggdy@symantec.com,937-850-3311
3,thewelldz,Tammy,Hewell,thewelldz@cbsnews.com,171-722-4021
1,vfendleye0,Vance,Fendley,vfendleye0@illinois.edu,507-841-5437
2,frawlingse1,Ferdinanda,Rawlings,frawlingse1@ucla.edu,341-319-7541
1,mrodere2,Maegan,Roder,mrodere2@cyberchimps.com,901-289-6709
2,dturgoosee3,Devi,Turgoose,dturgoosee3@npr.org,738-510-3668
3,cmacveane4,Constancia,MacVean,cmacveane4@merriam-webster.com,643-557-2814
3,bhursthousee5,Basile,Hursthouse,bhursthousee5@blogtalkradio.com,442-694-3026
3,rvanniekerke6,Ronnie,Van Niekerk,rvanniekerke6@psu.edu,268-720-1722
2,bolyffe7,Byron,Olyff,bolyffe7@princeton.edu,109-788-1733
2,ythorrolde8,Yorker,Thorrold,ythorrolde8@mit.edu,891-441-8163
1,aturrille9,Arturo,Turrill,aturrille9@umn.edu,248-517-2964
3,cblankettea,Claiborn,Blankett,cblankettea@sun.com,617-513-4693
2,brosenvassereb,Bonny,Rosenvasser,brosenvassereb@sun.com,799-545-4776
3,dlavilleec,Donall,Laville,dlavilleec@geocities.jp,244-934-9597
3,dchoudhuryed,Dyann,Choudhury,dchoudhuryed@sogou.com,452-331-4008
1,rharbottleee,Rhys,Harbottle,rharbottleee@uol.com.br,533-554-0439
2,jmarkosef,Josee,Markos,jmarkosef@msn.com,851-826-7056
2,gmccaweg,Georgianne,McCaw,gmccaweg@noaa.gov,923-530-5375
3,ywindowseh,Yasmeen,Windows,ywindowseh@360.cn,636-402-8922
1,kdunckleeei,Kary,Duncklee,kdunckleeei@weibo.com,922-329-3473
1,epeermanej,Elizabet,Peerman,epeermanej@si.edu,487-352-7400
1,spohlkeek,Susanna,Pohlke,spohlkeek@indiegogo.com,713-885-2229
1,dboeterel,Di,Boeter,dboeterel@washington.edu,896-365-9719
2,lcuerdaem,Loutitia,Cuerda,lcuerdaem@techcrunch.com,671-369-0876
2,ghugoneten,Gery,Hugonet,ghugoneten@sciencedaily.com,626-353-1949
3,cklaesseneo,Charlena,Klaessen,cklaesseneo@pinterest.com,982-791-3985
2,cpocockeep,Cathee,Pococke,cpocockeep@theglobeandmail.com,208-227-6320
3,afukeeq,Aggie,Fuke,afukeeq@google.de,957-746-5870
2,cdonoghueer,Carling,Donoghue,cdonoghueer@baidu.com,436-659-8128
3,abramptones,Anetta,Brampton,abramptones@soup.io,348-740-5814
3,erubiet,Etheline,Rubi,erubiet@chicagotribune.com,443-556-7319
3,tcouveteu,Tuck,Couvet,tcouveteu@theguardian.com,879-807-6845
3,scremenev,Silvan,Cremen,scremenev@tumblr.com,771-773-4358
1,tbernakiewiczew,Tremayne,Bernakiewicz,tbernakiewiczew@webmd.com,316-709-9612
2,cdoeex,Cecelia,Doe,cdoeex@amazon.co.jp,855-536-5160
2,nmicheley,Nanny,Michel,nmicheley@phoca.cz,770-301-8954
3,cschwandtez,Chaim,Schwandt,cschwandtez@virginia.edu,813-712-6842
3,dwerrilowf0,Delia,Werrilow,dwerrilowf0@cargocollective.com,474-360-9684
1,dbeinkef1,Derrik,Beinke,dbeinkef1@slashdot.org,799-482-1300
1,jskoggingsf2,Joceline,Skoggings,jskoggingsf2@people.com.cn,791-618-4186
1,aesilmonf3,Aleksandr,Esilmon,aesilmonf3@oracle.com,193-437-5597
2,htavinorf4,Harland,Tavinor,htavinorf4@washingtonpost.com,353-744-7679
2,wtarbettf5,Welch,Tarbett,wtarbettf5@wisc.edu,926-811-1270
1,hdombrellf6,Hetti,Dombrell,hdombrellf6@yahoo.com,840-646-4948
1,ystrathef7,Yehudi,Strathe,ystrathef7@cmu.edu,300-954-5621
1,econcannonf8,Erick,Concannon,econcannonf8@ask.com,524-480-7117
3,jglavisf9,Jacob,Glavis,jglavisf9@unesco.org,940-498-8622
3,ngealfa,Norri,Geal,ngealfa@fda.gov,975-968-6503
3,sledamunfb,Sabina,Ledamun,sledamunfb@buzzfeed.com,368-774-7756
1,hhazleyfc,Hamid,Hazley,hhazleyfc@ebay.com,194-822-2995
3,kkesperfd,Kevina,Kesper,kkesperfd@sina.com.cn,821-566-3151
1,mwestfieldfe,Melloney,Westfield,mwestfieldfe@flickr.com,208-541-9557
2,dmullordff,Darrin,Mullord,dmullordff@berkeley.edu,506-130-4283
2,gmusickafg,Glenn,Musicka,gmusickafg@ezinearticles.com,532-304-3473
2,pmckeonfh,Price,McKeon,pmckeonfh@moonfruit.com,222-918-3231
3,svawtonfi,Shurlocke,Vawton,svawtonfi@technorati.com,716-535-0846
3,shaguefj,Sheffie,Hague,shaguefj@cam.ac.uk,858-896-9460
1,vloheringfk,Violette,Lohering,vloheringfk@webeden.co.uk,799-181-2890
3,pdurnellfl,Pammi,Durnell,pdurnellfl@cbsnews.com,175-611-2229
3,vakasterfm,Veradis,Akaster,vakasterfm@nationalgeographic.com,713-759-7306
1,adomeniconefn,Arch,Domenicone,adomeniconefn@fema.gov,992-313-9533
1,gbenesevichfo,Giffard,Benesevich,gbenesevichfo@rakuten.co.jp,122-627-5129
2,treadwoodfp,Tam,Readwood,treadwoodfp@aol.com,360-531-0314
1,rmegaineyfq,Reinaldos,Megainey,rmegaineyfq@flavors.me,437-964-0699
3,claingfr,Carolyne,Laing,claingfr@forbes.com,638-284-2636
1,jwoontonfs,Judie,Woonton,jwoontonfs@slashdot.org,625-952-0336
2,fguidottift,Fair,Guidotti,fguidottift@ow.ly,270-535-0239
1,mlygofu,Miguel,Lygo,mlygofu@unc.edu,754-900-9233
1,millesfv,Melli,Illes,millesfv@reddit.com,150-154-9450
3,sjacobifw,Stefan,Jacobi,sjacobifw@marketwatch.com,961-551-0381
1,mdebillfx,Maible,Debill,mdebillfx@seesaa.net,938-812-9700
1,jklaiserfy,Jordan,Klaiser,jklaiserfy@aboutads.info,556-463-1011
3,hpressfz,Helsa,Press,hpressfz@desdev.cn,987-713-0547
3,lbuggeg0,Liane,Bugge,lbuggeg0@example.com,594-948-6758
3,credmayneg1,Clarke,Redmayne,credmayneg1@fema.gov,176-824-5690
3,fbetjesg2,Fabio,Betjes,fbetjesg2@shareasale.com,919-952-2568
2,dstaddartg3,Danna,Staddart,dstaddartg3@sfgate.com,161-962-8383
3,hgoatmang4,Hamnet,Goatman,hgoatmang4@netlog.com,659-145-4607
2,sskilleng5,Simone,Skillen,sskilleng5@pen.io,975-604-2976
2,pmaiorg6,Perren,Maior,pmaiorg6@bravesites.com,526-698-2806
2,mmewhag7,Mildrid,Mewha,mmewhag7@stanford.edu,506-873-1233
2,cbollerg8,Chev,Boller,cbollerg8@ehow.com,707-531-4481
3,mbentinckg9,Mame,Bentinck,mbentinckg9@behance.net,815-739-2947
1,mdugdalega,Milissent,Dugdale,mdugdalega@istockphoto.com,948-246-5674
2,fthackhamgb,Faythe,Thackham,fthackhamgb@soundcloud.com,986-482-5803
3,breichhardtgc,Barney,Reichhardt,breichhardtgc@businessinsider.com,823-644-3376
2,sfrangletongd,Sissie,Frangleton,sfrangletongd@bloglines.com,906-800-0988
1,jtumultyge,Jermayne,Tumulty,jtumultyge@auda.org.au,784-747-3005
1,ssorrillgf,Sutton,Sorrill,ssorrillgf@simplemachines.org,691-801-2149
3,csympsongg,Corine,Sympson,csympsongg@flavors.me,246-875-4274
2,gmainzgh,Genni,Mainz,gmainzgh@themeforest.net,232-538-9510
3,htreharnegi,Hartley,Treharne,htreharnegi@furl.net,655-144-4914
2,chaggishgj,Coletta,Haggish,chaggishgj@fotki.com,369-126-8227
1,flambdengk,Flint,Lambden,flambdengk@ustream.tv,188-688-7668
3,smacgebenaygl,Sula,MacGebenay,smacgebenaygl@ameblo.jp,308-694-6000
3,kpennonigm,Kirk,Pennoni,kpennonigm@va.gov,561-631-1573
3,srichemondgn,Sheilakathryn,Richemond,srichemondgn@netscape.com,963-188-2473
2,npinnijargo,Natal,Pinnijar,npinnijargo@craigslist.org,219-579-3567
1,sthornleygp,Samaria,Thornley,sthornleygp@ed.gov,926-863-9003
2,jbesseygq,Juana,Bessey,jbesseygq@narod.ru,253-587-3405
2,dklosergr,Decca,Kloser,dklosergr@gnu.org,239-848-2509
3,mmarshgs,Marlee,Marsh,mmarshgs@networksolutions.com,397-605-7628
3,dbreitgt,Dniren,Breit,dbreitgt@parallels.com,302-293-1465
1,lechaliegu,Lacie,Echalie,lechaliegu@blogtalkradio.com,427-589-1309
3,mdawgv,Marijo,Daw,mdawgv@prlog.org,534-206-5908
1,mcrinagegw,Margeaux,Crinage,mcrinagegw@cam.ac.uk,451-740-6477
3,jraesidegx,Jarred,Raeside,jraesidegx@unicef.org,777-557-2409
3,gpopplegy,Grannie,Popple,gpopplegy@ustream.tv,930-808-6078
3,ctroopgz,Casey,Troop,ctroopgz@hud.gov,937-247-1034
2,aaskerh0,Asa,Asker,aaskerh0@about.me,951-878-0059
3,dmaffyh1,Dianne,Maffy,dmaffyh1@miitbeian.gov.cn,321-461-5562
1,hflitcrofth2,Hy,Flitcroft,hflitcrofth2@spiegel.de,463-430-3255
1,ghatherallh3,Gibb,Hatherall,ghatherallh3@fotki.com,537-255-3413
2,mbreydinh4,Marcelia,Breydin,mbreydinh4@1688.com,736-758-8183
2,wdarkinh5,Wood,Darkin,wdarkinh5@nasa.gov,257-764-7847
2,dleggingh6,Dugald,Legging,dleggingh6@ucsd.edu,437-873-7711
1,jdeenerh7,Jeni,Deener,jdeenerh7@ihg.com,645-435-0985
2,vhiseh8,Verina,Hise,vhiseh8@japanpost.jp,916-653-6759
1,bmccartanh9,Borg,McCartan,bmccartanh9@pbs.org,712-769-8867
3,hmorenaha,Hube,Morena,hmorenaha@webeden.co.uk,356-761-6061
1,ftelegahb,Ferd,Telega,ftelegahb@csmonitor.com,685-469-5885
2,aanteckihc,Aveline,Antecki,aanteckihc@shinystat.com,325-540-4232
1,swaplintonhd,Sasha,Waplinton,swaplintonhd@cnn.com,275-899-4900
3,sjosehe,Sydel,Jose,sjosehe@marriott.com,773-654-9568
2,wboundleyhf,Wilhelmine,Boundley,wboundleyhf@opensource.org,282-416-1922
1,oaishfordhg,Orv,Aishford,oaishfordhg@e-recht24.de,802-866-2154
3,ciacivellihh,Codi,Iacivelli,ciacivellihh@wikimedia.org,321-333-5912
2,bworstallhi,Bunny,Worstall,bworstallhi@ebay.co.uk,857-289-2847
2,rscreasehj,Rhys,Screase,rscreasehj@ca.gov,811-324-0182
1,tleedhk,Timothy,Leed,tleedhk@google.com,261-701-7252
3,rsillshl,Rozalie,Sills,rsillshl@cnbc.com,710-408-2907
1,bclellandhm,Bar,Clelland,bclellandhm@go.com,305-581-4771
1,sbradmorehn,Sammy,Bradmore,sbradmorehn@printfriendly.com,356-409-6713
3,emcguineyho,Elissa,McGuiney,emcguineyho@storify.com,452-945-0469
1,clidgatehp,Cly,Lidgate,clidgatehp@youtube.com,659-351-4216
2,vbracehq,Vernon,Brace,vbracehq@bloglovin.com,391-167-4363
1,jtreharnehr,Jessica,Treharne,jtreharnehr@omniture.com,196-216-0964
2,csimonneths,Cyrus,Simonnet,csimonneths@disqus.com,453-526-1472
3,smoresideht,Stoddard,Moreside,smoresideht@youtu.be,546-967-3701
3,hdimblebyhu,Hartwell,Dimbleby,hdimblebyhu@netscape.com,540-533-6712
3,tbarrackshv,Trula,Barracks,tbarrackshv@creativecommons.org,807-714-4392
1,smuxworthyhw,Stinky,Muxworthy,smuxworthyhw@liveinternet.ru,704-828-6702
1,lewbachhx,Link,Ewbach,lewbachhx@google.cn,684-481-0352
1,bshanehy,Brooke,Shane,bshanehy@npr.org,529-303-8501
2,hpetrashkovhz,Homer,Petrashkov,hpetrashkovhz@behance.net,850-613-2751
2,pjanuszewiczi0,Perry,Januszewicz,pjanuszewiczi0@nbcnews.com,812-960-5707
2,ablacklawei1,Alverta,Blacklawe,ablacklawei1@amazonaws.com,933-379-6592
2,kfundelli2,Kathy,Fundell,kfundelli2@storify.com,711-915-0533
3,cfaersi3,Cybill,Faers,cfaersi3@histats.com,552-763-5400
3,cvanderweedenburgi4,Cherie,Van Der Weedenburg,cvanderweedenburgi4@fotki.com,609-659-1431
2,kderoberti5,Khalil,Derobert,kderoberti5@livejournal.com,574-480-4129
3,cmeakesi6,Constantine,Meakes,cmeakesi6@vkontakte.ru,548-399-3643
1,rvolontei7,Rodge,Volonte,rvolontei7@fastcompany.com,697-616-7667
2,thowdeni8,Tatiania,Howden,thowdeni8@ezinearticles.com,512-774-1349
1,anotoni9,Annemarie,Noton,anotoni9@etsy.com,813-655-3735
2,cbilliardia,Coralyn,Billiard,cbilliardia@thetimes.co.uk,832-793-7376
2,tmacksteadib,Torr,Mackstead,tmacksteadib@istockphoto.com,227-634-2915
2,frudwellic,Fielding,Rudwell,frudwellic@miibeian.gov.cn,961-852-7304
3,jkennlerid,Joanie,Kennler,jkennlerid@fda.gov,172-325-1102
3,mlambisie,Madelaine,Lambis,mlambisie@cyberchimps.com,298-132-4691
3,mmalingif,Melosa,Maling,mmalingif@tripod.com,379-355-6996
3,baltiig,Belinda,Alti,baltiig@whitehouse.gov,788-399-5651
1,fskoofih,Fanya,Skoof,fskoofih@nydailynews.com,640-980-9547
1,lmcgraghii,Lutero,McGragh,lmcgraghii@wunderground.com,307-202-3497
3,citzakij,Cacilie,Itzak,citzakij@businessinsider.com,465-505-6447
1,prizzelliik,Pammie,Rizzelli,prizzelliik@hud.gov,359-801-6803
2,bgansbuhleril,Barron,Gansbuhler,bgansbuhleril@1688.com,659-691-6997
1,abiddleim,Ardella,Biddle,abiddleim@wired.com,163-540-9171
2,mshevillin,Meggy,Shevill,mshevillin@amazon.de,881-997-0212
2,tschaumakerio,Tim,Schaumaker,tschaumakerio@google.es,929-878-2250
1,rgowrichip,Risa,Gowrich,rgowrichip@slate.com,233-850-1643
3,gstudholmeiq,Georgeta,Studholme,gstudholmeiq@hud.gov,908-676-0426
3,sbonnickir,Sharlene,Bonnick,sbonnickir@cafepress.com,959-339-7660
3,rdivellis,Rriocard,Divell,rdivellis@sitemeter.com,821-755-5864
1,apetegrewit,Alberto,Petegrew,apetegrewit@spiegel.de,857-949-0780
2,horsmaniu,Hercules,Orsman,horsmaniu@ask.com,186-626-4016
2,wthickensiv,Werner,Thickens,wthickensiv@indiegogo.com,688-147-5292
2,cbrumiw,Claribel,Brum,cbrumiw@youtu.be,804-904-9145
1,ubickleyix,Ursuline,Bickley,ubickleyix@wired.com,244-820-0571
3,tkarolovskyiy,Tully,Karolovsky,tkarolovskyiy@surveymonkey.com,131-834-3440
1,dbohmaniz,Duncan,Bohman,dbohmaniz@marriott.com,411-335-2936
1,kchiswellj0,Keely,Chiswell,kchiswellj0@marriott.com,185-654-8073
3,okernockj1,Olvan,Kernock,okernockj1@dagondesign.com,360-878-9143
2,ckilcoynej2,Cherida,Kilcoyne,ckilcoynej2@privacy.gov.au,861-305-5130
2,pbillitterij3,Pennie,Billitteri,pbillitterij3@cornell.edu,688-978-4046
2,tscardj4,Timothy,Scard,tscardj4@house.gov,561-622-5236
2,agladtbachj5,Alphonso,Gladtbach,agladtbachj5@tumblr.com,982-184-7845
3,cjendrichj6,Colette,Jendrich,cjendrichj6@imdb.com,440-398-3766
2,gagatej7,Guthrey,Agate,gagatej7@joomla.org,253-396-3489
2,owillcoxj8,Ondrea,Willcox,owillcoxj8@omniture.com,393-714-4838
2,aspatj9,Amara,Spat,aspatj9@shinystat.com,839-616-2515
3,tfarranceja,Tabbie,Farrance,tfarranceja@flickr.com,862-551-7560
2,hoglassanejb,Herbie,O'Glassane,hoglassanejb@gnu.org,304-375-3644
3,nbailessjc,Noellyn,Bailess,nbailessjc@seesaa.net,144-938-3866
3,aantoniettijd,Arnold,Antonietti,aantoniettijd@spiegel.de,648-751-2454
2,gberisfordje,Gaelan,Berisford,gberisfordje@tripod.com,970-204-8308
1,tmakenjf,Tynan,Maken,tmakenjf@dedecms.com,256-630-3750
2,amechijg,Alanna,Mechi,amechijg@constantcontact.com,992-616-7581
2,ojakubskijh,Osbourn,Jakubski,ojakubskijh@time.com,568-416-7685
3,aorletonji,Aveline,Orleton,aorletonji@mozilla.com,191-810-5227
3,lworleyjj,Lyndy,Worley,lworleyjj@elegantthemes.com,621-377-7017
2,mkingjk,Murielle,King,mkingjk@mayoclinic.com,775-719-8994
1,lbarberajl,Lindy,Barbera,lbarberajl@yahoo.com,412-852-6225
1,sloukesjm,Silas,Loukes,sloukesjm@gravatar.com,338-822-8271
3,gtittershilljn,Gibbie,Tittershill,gtittershilljn@nature.com,621-458-0026
1,mluceyjo,Marie,Lucey,mluceyjo@booking.com,609-898-1199
3,cnorgatejp,Collete,Norgate,cnorgatejp@umn.edu,956-596-1302
3,cchesnutjq,Carolann,Chesnut,cchesnutjq@youtube.com,128-561-5621
3,jrosenbergerjr,Joline,Rosenberger,jrosenbergerjr@shareasale.com,906-790-1959
3,dargerjs,Daryn,Arger,dargerjs@nature.com,919-706-3475
3,jmelhuishjt,Jemima,Melhuish,jmelhuishjt@biglobe.ne.jp,701-949-2514
2,bmaccafferkyju,Bree,MacCafferky,bmaccafferkyju@blinklist.com,532-271-2700
1,lpecholdjv,Lina,Pechold,lpecholdjv@forbes.com,991-525-7198
3,linsolljw,Lynn,Insoll,linsolljw@slashdot.org,694-249-9337
3,mwinscombjx,Maryjane,Winscomb,mwinscombjx@berkeley.edu,471-298-4320
1,ifairbardjy,Ileana,Fairbard,ifairbardjy@wikimedia.org,972-970-8843
2,jparnelljz,Jess,Parnell,jparnelljz@skype.com,352-846-5158
1,lfrawleyk0,Lonnie,Frawley,lfrawleyk0@washington.edu,328-150-5623
1,rwabersinkek1,Rhona,Wabersinke,rwabersinkek1@flavors.me,768-582-4295
3,gshovellerk2,Gawen,Shoveller,gshovellerk2@t-online.de,240-155-0519
1,myaldrenk3,Malachi,Yaldren,myaldrenk3@elpais.com,739-594-9435
1,remmattk4,Risa,Emmatt,remmattk4@pbs.org,199-429-2476
3,dhoutenk5,Darrin,Houten,dhoutenk5@theguardian.com,933-638-0062
3,cduligalk6,Cloe,Duligal,cduligalk6@noaa.gov,212-557-9645
2,amassenhovek7,Alfonso,Massenhove,amassenhovek7@fema.gov,102-280-9963
3,fmakeyk8,Flory,Makey,fmakeyk8@imdb.com,739-625-6917
3,bmackibbonk9,Betty,MacKibbon,bmackibbonk9@dailymail.co.uk,168-508-3611
3,espindlerka,Estele,Spindler,espindlerka@china.com.cn,473-222-6154
3,jorromkb,Johan,Orrom,jorromkb@npr.org,248-349-1527
1,tmcglonekc,Theo,McGlone,tmcglonekc@shareasale.com,999-700-5557
3,mgiblinkd,Maxie,Giblin,mgiblinkd@merriam-webster.com,761-107-2380
3,jtruderke,Jefferson,Truder,jtruderke@cdbaby.com,400-741-2454
3,chargkf,Carolyne,Harg,chargkf@t.co,350-671-1070
1,cchownekg,Cathrin,Chowne,cchownekg@cornell.edu,840-570-6797
1,hpetrakkh,Hobard,Petrak,hpetrakkh@psu.edu,887-489-8240
1,jhuleattki,Johnette,Huleatt,jhuleattki@amazon.co.jp,612-195-9137
2,abroaderkj,Allard,Broader,abroaderkj@unesco.org,518-500-1672
3,bphetteplacekk,Bobbie,Phetteplace,bphetteplacekk@youku.com,872-446-2412
3,rdunskl,Rollie,Duns,rdunskl@tinyurl.com,928-351-7331
3,rweeperskm,Raychel,Weepers,rweeperskm@disqus.com,638-189-6961
1,aprobykn,Abner,Proby,aprobykn@ucsd.edu,564-906-8008
1,eharrellko,Errick,Harrell,eharrellko@ca.gov,772-868-0101
2,tledekerkp,Tarah,Ledeker,tledekerkp@geocities.com,440-984-8099
2,bfowneskq,Berty,Fownes,bfowneskq@npr.org,772-701-0824
1,cstancliffekr,Carlyn,Stancliffe,cstancliffekr@unesco.org,567-696-9827
1,hsarrellks,Henry,Sarrell,hsarrellks@businessweek.com,287-295-1145
2,ejosefovickt,Emma,Josefovic,ejosefovickt@sbwire.com,574-484-4139
2,rsimeoneku,Rosamond,Simeone,rsimeoneku@kickstarter.com,515-434-1595
3,asimoniankv,Angele,Simonian,asimoniankv@list-manage.com,707-125-8892
2,lfieldstonekw,Lowell,Fieldstone,lfieldstonekw@latimes.com,945-603-1224
3,brichardsonkx,Benyamin,Richardson,brichardsonkx@pagesperso-orange.fr,117-932-8075
3,elanktreeky,Elysha,Lanktree,elanktreeky@craigslist.org,527-339-2344
3,fdulintykz,Farley,Dulinty,fdulintykz@google.co.uk,971-260-9696
2,cpethybridgel0,Cart,Pethybridge,cpethybridgel0@ovh.net,118-169-2698
2,agoodeyl1,Antonius,Goodey,agoodeyl1@redcross.org,709-677-1397
2,vknottleyl2,Verile,Knottley,vknottleyl2@reference.com,891-211-9937
2,cbrounl3,Cristi,Broun,cbrounl3@google.pl,612-763-5864
2,egaydonl4,Emmott,Gaydon,egaydonl4@rakuten.co.jp,166-488-5043
2,hcostardl5,Husain,Costard,hcostardl5@webeden.co.uk,980-774-0637
2,gmclellanl6,Gwyn,McLellan,gmclellanl6@yelp.com,535-270-8174
1,ibascombel7,Isabeau,Bascombe,ibascombel7@utexas.edu,410-974-3546
1,bfressonl8,Berkie,Fresson,bfressonl8@desdev.cn,795-445-7315
1,thendrickxl9,Tandy,Hendrickx,thendrickxl9@mysql.com,957-657-3064
3,astapelela,Aile,Stapele,astapelela@ted.com,813-488-7820
1,gtyrwhittlb,Gawen,Tyrwhitt,gtyrwhittlb@wsj.com,448-172-8061
3,cgirardinilc,Cassondra,Girardini,cgirardinilc@unesco.org,603-283-6304
2,sfurnissld,Sallyann,Furniss,sfurnissld@bloglovin.com,643-388-1198
1,rmalacridale,Ruthann,Malacrida,rmalacridale@miitbeian.gov.cn,927-791-4410
1,jbatricklf,Jdavie,Batrick,jbatricklf@marketwatch.com,788-315-7717
3,cfairclothlg,Catriona,Faircloth,cfairclothlg@dyndns.org,352-202-3050
2,vtrathanlh,Vitia,Trathan,vtrathanlh@deliciousdays.com,475-892-5038
3,etakisli,Elizabet,Takis,etakisli@army.mil,123-781-2037
2,jnewarklj,Judy,Newark,jnewarklj@fda.gov,988-180-0911
2,gexrollk,Gaby,Exrol,gexrollk@cmu.edu,724-888-7904
3,ddominiakll,Deane,Dominiak,ddominiakll@desdev.cn,149-454-0131
2,aadshedelm,Alan,Adshede,aadshedelm@soundcloud.com,148-297-6537
3,lhexhamln,Leesa,Hexham,lhexhamln@dell.com,983-387-7565
1,mcardislo,Maxim,Cardis,mcardislo@businessweek.com,795-127-3137
3,hnisbetlp,Harwell,Nisbet,hnisbetlp@ftc.gov,230-466-0753
3,lblaxilllq,Lay,Blaxill,lblaxilllq@usatoday.com,296-524-6627
2,rchrippeslr,Rora,Chrippes,rchrippeslr@irs.gov,913-789-9504
3,awagerls,Ambros,Wager,awagerls@163.com,354-325-3716
2,efeldmesserlt,Elonore,Feldmesser,efeldmesserlt@altervista.org,602-819-1320
2,ajoseylu,Allayne,Josey,ajoseylu@netscape.com,216-544-2414
2,pfellgatelv,Pearle,Fellgate,pfellgatelv@scribd.com,294-331-3424
2,bmeweslw,Brita,Mewes,bmeweslw@ted.com,259-451-1239
3,vgrimsdelllx,Veronike,Grimsdell,vgrimsdelllx@people.com.cn,137-305-1197
2,myongly,Maurizia,Yong,myongly@census.gov,522-429-7501
2,wconkeylz,Wayland,Conkey,wconkeylz@patch.com,475-826-2491
2,lshambrokem0,Lionello,Shambroke,lshambrokem0@github.com,774-484-8658
1,mcullefordm1,Mahala,Culleford,mcullefordm1@skype.com,490-334-8733
3,ebedinhamm2,Everard,Bedinham,ebedinhamm2@guardian.co.uk,777-143-1816
2,osydallm3,Osbert,Sydall,osydallm3@usnews.com,105-573-1190
1,cduligallm4,Cheston,Duligall,cduligallm4@furl.net,575-959-0155
3,fmarmyonm5,Fayth,Marmyon,fmarmyonm5@prweb.com,760-216-7368
2,aivantsovm6,Aleksandr,Ivantsov,aivantsovm6@usgs.gov,967-947-0114
3,elinfordm7,Estele,Linford,elinfordm7@fema.gov,760-713-5939
1,jgooddiem8,Jacklin,Gooddie,jgooddiem8@example.com,756-524-9091
1,ltwortm9,Lotta,Twort,ltwortm9@mozilla.org,107-189-1054
1,coakmanma,Carol,Oakman,coakmanma@uiuc.edu,208-266-1271
2,ceisigmb,Cosmo,Eisig,ceisigmb@wordpress.org,484-722-7942
3,tkupecmc,Tab,Kupec,tkupecmc@mlb.com,865-769-9133
3,gkohnemannmd,Georgie,Kohnemann,gkohnemannmd@samsung.com,717-653-6783
1,jrayntonme,Jeffie,Raynton,jrayntonme@exblog.jp,217-407-7393
2,omerklemf,Odella,Merkle,omerklemf@washingtonpost.com,118-441-9721
2,dtalemg,Donn,Tale,dtalemg@etsy.com,783-681-6858
3,ccotteymh,Cathrine,Cottey,ccotteymh@walmart.com,960-639-3073
2,iworsommi,Imojean,Worsom,iworsommi@de.vu,806-870-2501
1,gstoecklemj,Gerhard,Stoeckle,gstoecklemj@skyrock.com,233-653-3462
3,rlinnardmk,Reggis,Linnard,rlinnardmk@blogs.com,622-392-1440
3,emussettml,Elisabetta,Mussett,emussettml@ted.com,142-517-2635
3,bhullemm,Buddie,Hulle,bhullemm@home.pl,231-495-6984
1,wyegorovmn,Willey,Yegorov,wyegorovmn@umich.edu,739-696-3760
3,ghosburnmo,Gretna,Hosburn,ghosburnmo@whitehouse.gov,947-747-4784
3,astickneymp,Abramo,Stickney,astickneymp@cbc.ca,882-832-6616
1,ncostymq,Nannie,Costy,ncostymq@feedburner.com,242-915-2764
1,aaldismr,Arda,Aldis,aaldismr@msu.edu,834-376-8066
2,amichielms,Augustine,Michiel,amichielms@weather.com,262-517-1933
2,jsimmansmt,Joyan,Simmans,jsimmansmt@elpais.com,520-437-2761
2,bmilbournemu,Bernette,Milbourne,bmilbournemu@angelfire.com,386-856-4553
3,lstiegermv,Leela,Stieger,lstiegermv@blogtalkradio.com,173-518-6863
1,oaulettamw,Odey,Auletta,oaulettamw@reddit.com,641-935-9329
3,bgrizardmx,Bartholomeo,Grizard,bgrizardmx@google.nl,971-891-6130
1,tgodthaabmy,Teresita,Godthaab,tgodthaabmy@macromedia.com,967-752-3190
2,jchristleymz,Job,Christley,jchristleymz@oakley.com,829-926-3359
2,sblankettn0,Saw,Blankett,sblankettn0@princeton.edu,523-377-9608
1,dlloydwilliamsn1,Dodi,Lloyd-Williams,dlloydwilliamsn1@printfriendly.com,265-580-3420
2,hoxleen2,Helga,Oxlee,hoxleen2@nba.com,757-390-2898
3,mabramskin3,Merola,Abramski,mabramskin3@ow.ly,913-403-6512
3,jgrantn4,Joceline,Grant,jgrantn4@hibu.com,871-669-7642
1,lpurdomn5,Langsdon,Purdom,lpurdomn5@cbc.ca,862-879-4810
2,nphillpottsn6,Nelly,Phillpotts,nphillpottsn6@google.com,154-495-4842
3,tkamalln7,Timmy,Kamall,tkamalln7@addthis.com,415-876-6480
2,okernockn8,Orelie,Kernock,okernockn8@yellowpages.com,261-525-1710
3,vmahadyn9,Vasilis,Mahady,vmahadyn9@4shared.com,476-914-5623
2,btumeltyna,Bancroft,Tumelty,btumeltyna@webs.com,442-418-2962
1,rrudgardnb,Rob,Rudgard,rrudgardnb@biblegateway.com,785-234-1797
1,sslyvesternc,Shanta,Slyvester,sslyvesternc@blog.com,792-337-5948
3,abullinghamnd,Alayne,Bullingham,abullinghamnd@ebay.com,986-538-7864
1,pcockremne,Peri,Cockrem,pcockremne@oaic.gov.au,297-326-3283
2,nwickhamnf,Nan,Wickham,nwickhamnf@aboutads.info,665-649-9674
1,jerbainng,Josiah,Erbain,jerbainng@sfgate.com,407-455-2407
3,pfaustnh,Prudy,Faust,pfaustnh@netscape.com,443-735-9918
3,mchildesni,Martha,Childes,mchildesni@msn.com,200-902-5938
2,hurwennj,Homer,Urwen,hurwennj@topsy.com,656-806-0056
2,ldanilchevnk,Lizzie,Danilchev,ldanilchevnk@vkontakte.ru,808-850-9413
2,cgascarnl,Cass,Gascar,cgascarnl@plala.or.jp,907-728-2881
3,omoradnm,Orren,Morad,omoradnm@imdb.com,341-753-0954
3,kbarrasnn,Kalil,Barras,kbarrasnn@chron.com,520-895-2669
3,kthiemno,Kipp,Thiem,kthiemno@pagesperso-orange.fr,319-873-7512
2,cbaunp,Candi,Bau,cbaunp@webnode.com,140-759-0317
2,asmeednq,Aurora,Smeed,asmeednq@newsvine.com,842-947-8990
2,pcaylenr,Philippine,Cayle,pcaylenr@unblog.fr,577-624-0962
2,hroundtreens,Hagan,Roundtree,hroundtreens@ning.com,280-211-2059
1,trivittnt,Todd,Rivitt,trivittnt@cbc.ca,201-554-0503
3,dszymonnu,Drusie,Szymon,dszymonnu@opensource.org,771-389-1920
3,awabeynv,Abdul,Wabey,awabeynv@geocities.jp,378-528-5368
1,pblatherwicknw,Preston,Blatherwick,pblatherwicknw@barnesandnoble.com,118-900-4922
2,cvannahnx,Carmela,Vannah,cvannahnx@bloomberg.com,981-255-4396
1,emcgintyny,Esta,McGinty,emcgintyny@live.com,852-954-8234
3,tconerdingnz,Tilda,Conerding,tconerdingnz@myspace.com,126-893-5886
1,pstubbingso0,Phebe,Stubbings,pstubbingso0@engadget.com,920-802-3306
1,tprozesckyo1,Trueman,Prozescky,tprozesckyo1@dell.com,215-996-6245
1,ktighto2,Killie,Tight,ktighto2@360.cn,576-794-1199
2,hbrydello3,Hugues,Brydell,hbrydello3@wufoo.com,855-948-0845
3,ilumbleyo4,Ichabod,Lumbley,ilumbleyo4@usatoday.com,314-466-2458
3,cbengougho5,Carmella,Bengough,cbengougho5@prlog.org,422-336-6227
1,asennetto6,Alicia,Sennett,asennetto6@wired.com,544-549-0738
1,rjohanno7,Roseanna,Johann,rjohanno7@latimes.com,660-698-6694
2,rhusho8,Rance,Hush,rhusho8@omniture.com,300-133-6975
2,srushbrooko9,Siegfried,Rushbrook,srushbrooko9@youku.com,606-313-2629
1,kpauntonoa,Ken,Paunton,kpauntonoa@shinystat.com,779-615-3082
1,ncorbynob,Norbie,Corbyn,ncorbynob@blogs.com,863-190-6580
2,cguinessoc,Coretta,Guiness,cguinessoc@behance.net,123-149-0638
1,kdominyod,Karim,Dominy,kdominyod@walmart.com,259-194-5798
3,eduhameloe,Even,Du Hamel,eduhameloe@ebay.co.uk,427-878-7336
1,koflahertyof,Kienan,O'Flaherty,koflahertyof@google.co.jp,882-935-2379
2,sricharzog,Sibeal,Richarz,sricharzog@drupal.org,394-598-2036
2,jpaulaoh,Jedidiah,Paula,jpaulaoh@hao123.com,263-450-6465
2,tmangamoi,Tiphany,Mangam,tmangamoi@hud.gov,778-756-1995
3,tstockilloj,Taber,Stockill,tstockilloj@hexun.com,777-281-0577
1,cmarkeyok,Clair,Markey,cmarkeyok@ucsd.edu,112-401-8166
1,hkiddsol,Hadria,Kidds,hkiddsol@home.pl,175-277-5083
1,cmacksteadom,Carri,Mackstead,cmacksteadom@goodreads.com,942-835-4497
1,dgalvanon,Donetta,Galvan,dgalvanon@taobao.com,428-398-8009
3,bpykeoo,Beckie,Pyke,bpykeoo@msu.edu,864-327-6438
1,mmccardop,Mickie,McCard,mmccardop@google.com.hk,956-611-7499
2,lgouldieoq,Ludvig,Gouldie,lgouldieoq@theatlantic.com,720-629-9422
1,gpatronor,Gabie,Patron,gpatronor@desdev.cn,967-502-8728
2,wtuveyos,Wandie,Tuvey,wtuveyos@indiatimes.com,100-285-9565
1,vdionisoot,Vinny,Dioniso,vdionisoot@webmd.com,902-234-2496
3,hfearou,Hamnet,Fear,hfearou@usatoday.com,521-721-0278
2,gcawsonov,Guido,Cawson,gcawsonov@constantcontact.com,563-580-5693
2,bvirrow,Bonita,Virr,bvirrow@geocities.jp,578-470-4926
3,cmacvicarox,Chrotoem,MacVicar,cmacvicarox@addthis.com,635-536-9497
2,mtoursoy,Mallory,Tours,mtoursoy@theatlantic.com,253-883-0129
2,ssavilloz,Sandor,Savill,ssavilloz@bigcartel.com,925-367-0273
3,vmorlonp0,Velma,Morlon,vmorlonp0@gnu.org,946-617-4649
1,ngolsworthyp1,Nanny,Golsworthy,ngolsworthyp1@goodreads.com,208-666-8906
2,eleipoldp2,Enos,Leipold,eleipoldp2@123-reg.co.uk,766-235-7390
2,kangravep3,Korey,Angrave,kangravep3@virginia.edu,607-409-8950
1,vbrackpoolp4,Vanya,Brackpool,vbrackpoolp4@dyndns.org,124-586-9312
3,sfilpip5,Sylvia,Filpi,sfilpip5@ucoz.com,742-534-2267
1,ndubblep6,Nelli,Dubble,ndubblep6@cocolog-nifty.com,975-486-7918
2,htonkesp7,Hedwiga,Tonkes,htonkesp7@telegraph.co.uk,351-136-5295
2,riliffep8,Roze,Iliffe,riliffep8@naver.com,768-994-5597
2,gnovellip9,Gabie,Novelli,gnovellip9@etsy.com,900-870-8883
1,bcotterellpa,Brandi,Cotterell,bcotterellpa@cnn.com,466-639-7379
3,ssimonellipb,Shay,Simonelli,ssimonellipb@pbs.org,381-938-8198
2,delmespc,Domini,Elmes,delmespc@yolasite.com,353-924-4589
2,kbeerespd,Kiri,Beeres,kbeerespd@list-manage.com,961-290-9168
3,jkellawaype,Jolie,Kellaway,jkellawaype@ask.com,572-375-1085
1,bchelleypf,Bertha,Chelley,bchelleypf@amazon.de,629-570-1048
2,gmccoolpg,Giles,McCool,gmccoolpg@gizmodo.com,267-838-2024
1,tkingph,Thorn,King,tkingph@epa.gov,271-266-5080
3,jaudaspi,Jennee,Audas,jaudaspi@nationalgeographic.com,403-971-3201
3,ekalepj,Elna,Kale,ekalepj@china.com.cn,927-933-1919
3,larkleypk,Luz,Arkley,larkleypk@skype.com,282-151-8411
1,gverdypl,Grove,Verdy,gverdypl@utexas.edu,548-298-6881
1,fpabstpm,Flin,Pabst,fpabstpm@whitehouse.gov,342-204-4164
3,twickiepn,Torrance,Wickie,twickiepn@fema.gov,947-954-5224
3,esmilliepo,Elwin,Smillie,esmilliepo@vimeo.com,432-355-9089
2,ihandrockpp,Inigo,Handrock,ihandrockpp@reuters.com,392-357-9689
2,mpenhearowpq,Moore,Penhearow,mpenhearowpq@devhub.com,285-912-2786
1,svatinipr,Shae,Vatini,svatinipr@example.com,669-646-1122
2,jyukhovps,Joceline,Yukhov,jyukhovps@ucoz.ru,879-862-9224
1,rdeathpt,Rand,Death,rdeathpt@redcross.org,822-853-5028
1,vjamespu,Vito,James,vjamespu@storify.com,994-780-8845
2,mroscampv,Mindy,Roscam,mroscampv@dyndns.org,983-253-4412
3,cisacoffpw,Cello,Isacoff,cisacoffpw@cargocollective.com,742-823-4908
2,lnekrewspx,Leandra,Nekrews,lnekrewspx@aboutads.info,739-790-4644
3,adebneypy,Abey,Debney,adebneypy@thetimes.co.uk,556-978-2487
3,hamespz,Haily,Ames,hamespz@google.it,279-400-7303
3,bgrandq0,Babette,Grand,bgrandq0@smugmug.com,118-336-7584
2,bhummq1,Bambi,Humm,bhummq1@livejournal.com,560-304-3197
1,amckerrowq2,Annadiana,McKerrow,amckerrowq2@skype.com,526-962-9405
1,hchazerandq3,Hilario,Chazerand,hchazerandq3@java.com,733-596-8319
2,ugiveenq4,Uta,Giveen,ugiveenq4@cpanel.net,474-108-0676
1,wpalphreymanq5,Willey,Palphreyman,wpalphreymanq5@com.com,831-600-5159
3,bkellandq6,Bambie,Kelland,bkellandq6@craigslist.org,800-892-7396
2,spirdyq7,Sydney,Pirdy,spirdyq7@addtoany.com,701-823-5441
3,qreallyq8,Quill,Really,qreallyq8@gmpg.org,663-701-2739
1,lcromleholmeq9,Lilllie,Cromleholme,lcromleholmeq9@sbwire.com,593-156-1658
2,dwhearqa,Dorotea,Whear,dwhearqa@blogtalkradio.com,892-873-4232
3,fgalegoqb,Fiona,Galego,fgalegoqb@arizona.edu,773-696-8737
1,bcabrerqc,Brnaba,Cabrer,bcabrerqc@joomla.org,650-985-0185
1,sodlinqd,Sybilla,Odlin,sodlinqd@canalblog.com,237-363-9944
3,nkisbeyqe,Nettle,Kisbey,nkisbeyqe@ameblo.jp,702-343-8580
1,spolkinhornqf,Shurlock,Polkinhorn,spolkinhornqf@moonfruit.com,207-550-5032
3,kschiementzqg,Kettie,Schiementz,kschiementzqg@privacy.gov.au,795-803-8164
1,mjimenezqh,Misty,Jimenez,mjimenezqh@ca.gov,919-601-3691
2,dmaundersqi,Dominick,Maunders,dmaundersqi@w3.org,297-444-8226
2,obrundaleqj,Ollie,Brundale,obrundaleqj@ucoz.ru,602-668-3872
2,cknibbsqk,Christiana,Knibbs,cknibbsqk@purevolume.com,773-782-1104
3,dscotfordql,Deeann,Scotford,dscotfordql@mail.ru,440-576-6926
3,agilvearqm,Ase,Gilvear,agilvearqm@ameblo.jp,642-956-1171
2,hmcilherranqn,Henrik,McIlherran,hmcilherranqn@yahoo.co.jp,896-669-5058
3,dcosserqo,Duffy,Cosser,dcosserqo@boston.com,130-568-7171
3,asheeqp,Angelica,Shee,asheeqp@simplemachines.org,914-339-6416
3,mjakubowskiqq,Marrissa,Jakubowski,mjakubowskiqq@joomla.org,743-925-5049
3,delpheeqr,Davin,Elphee,delpheeqr@soundcloud.com,600-118-8795
2,fpossaqs,Florenza,Possa,fpossaqs@xinhuanet.com,587-786-1090
2,nwilliamsonqt,Nellie,Williamson,nwilliamsonqt@sakura.ne.jp,425-943-4037
1,btemplarqu,Bernette,Templar,btemplarqu@mozilla.org,985-950-9480
3,ghopkynsonqv,Guenevere,Hopkynson,ghopkynsonqv@imdb.com,642-893-8478
1,kbrownettqw,Kariotta,Brownett,kbrownettqw@jiathis.com,484-321-1744
3,adougherqx,Alla,Dougher,adougherqx@friendfeed.com,235-706-8030
3,hgodinqy,Hugues,Godin,hgodinqy@people.com.cn,278-930-7955
3,yeisoldqz,Yorke,Eisold,yeisoldqz@mozilla.org,768-803-2339
3,bfrancinor0,Blondell,Francino,bfrancinor0@myspace.com,509-993-7626
1,atryr1,Arv,Try,atryr1@sourceforge.net,928-665-2258
1,dsucher2,Deana,Suche,dsucher2@who.int,649-483-4662
3,mshealr3,Maria,Sheal,mshealr3@reverbnation.com,651-256-6170
1,aschwandr4,Alyda,Schwand,aschwandr4@a8.net,945-647-4761
3,aparrattr5,Alisha,Parratt,aparrattr5@mit.edu,509-480-4453
1,oflowerr6,Odie,Flower,oflowerr6@ehow.com,427-495-2768
1,ktopr7,Karleen,Top,ktopr7@cisco.com,662-988-8539
2,bkilgourr8,Becki,Kilgour,bkilgourr8@xing.com,699-527-0598
2,ihuwsr9,Iggy,Huws,ihuwsr9@livejournal.com,932-656-1401
3,cgiacubbora,Clarisse,Giacubbo,cgiacubbora@ibm.com,241-152-4770
1,bdanbirb,Bellanca,Danbi,bdanbirb@businesswire.com,495-969-9809
3,skelletrc,Sibylle,Kellet,skelletrc@cnbc.com,942-765-9803
2,ccejkard,Claudine,Cejka,ccejkard@is.gd,736-651-8668
1,ofealtyre,Orrin,Fealty,ofealtyre@sciencedaily.com,926-465-8519
3,ejurcarf,Earlie,Jurca,ejurcarf@yellowpages.com,935-622-7750
2,lstirruprg,Lucine,Stirrup,lstirruprg@comsenz.com,836-676-6413
3,pcrowderrh,Panchito,Crowder,pcrowderrh@netscape.com,816-690-6485
1,bhakesri,Bernadene,Hakes,bhakesri@issuu.com,562-591-8575
3,aduckittrj,Amelia,Duckitt,aduckittrj@fc2.com,742-886-1976
2,bkesperrk,Bram,Kesper,bkesperrk@google.com.br,715-413-1003
3,sgaukrogerrl,Shellie,Gaukroger,sgaukrogerrl@sfgate.com,399-755-0949
2,eallchornerm,Eziechiele,Allchorne,eallchornerm@lycos.com,219-907-6463
2,oathelstanrn,Orren,Athelstan,oathelstanrn@about.me,733-417-7071
1,cwannopro,Chelsie,Wannop,cwannopro@hubpages.com,636-805-3975
1,hsullandrp,Hector,Sulland,hsullandrp@live.com,329-104-3951
3,dglandrq,Dagmar,Gland,dglandrq@last.fm,765-251-4754
3,sparncuttrr,Stafani,Parncutt,sparncuttrr@pcworld.com,883-619-3654
